{"UUID":"YtHbY8jf3y71TGCqf5pl9S","layoutMainAxisSizing":null,"layoutCrossAxisSizing":null,"name":"Untitled","isVisible":true,"boundaryRectangle":null,"style":null,"prototypeNodeUUID":null,"child":null,"constraints":null,"debug":false,"pngPath":"/usr/src/app/temp-out/pb-tmp-ba0de60b-2d12-4c65-b1b1-1aa82065cc2d/simpleapp/lib/assets/images","pages":[{"UUID":"0:1","layoutMainAxisSizing":null,"layoutCrossAxisSizing":null,"name":"Page 1","isVisible":true,"boundaryRectangle":null,"style":null,"prototypeNodeUUID":null,"child":null,"constraints":null,"convert":true,"screens":[{"UUID":"1:3","layoutMainAxisSizing":null,"layoutCrossAxisSizing":null,"name":"iPhone 11 Pro / X - 1","boundaryRectangle":null,"style":null,"prototypeNodeUUID":null,"child":null,"constraints":null,"convert":true,"imageURI":"https://pbnestcore.blob.core.windows.net/ythby8jf3y71tgcqf5pl9s/1:3.png","type":"screen","designNode":{"UUID":"1:3","layoutMainAxisSizing":"INHERIT","layoutCrossAxisSizing":"INHERIT","name":"iPhone 11 Pro / X - 1","isVisible":true,"style":{"UUID":"","layoutMainAxisSizing":null,"layoutCrossAxisSizing":null,"name":"","isVisible":true,"boundaryRectangle":null,"style":null,"prototypeNodeUUID":"","constraints":null,"backgroundColor":{"a":1.0,"r":1.0,"g":1.0,"b":1.0},"fills":[{"color":{"a":1.0,"r":1.0,"g":1.0,"b":1.0},"isEnabled":true}],"borders":[{"isEnabled":false,"fillType":1.0,"color":null,"thickness":1.0}],"borderOptions":{"isEnabled":false,"dashPattern":[],"lineCapStyle":0,"lineJoinStyle":"Miter","cornerRadius":0},"textStyle":null,"hasShadow":false,"type":"style"},"prototypeNodeUUID":null,"child":null,"constraints":null,"backgroundColor":{"a":1.0,"r":1.0,"g":1.0,"b":1.0},"boundaryRectangle":{"constrainProportions":false,"constraints":null,"height":812.0,"width":375.0,"x":164.0,"y":-406.0,"z":0.0,"type":"boundaryBox"},"isFlowHome":false,"type":"artboard","children":[{"UUID":"1:4","layoutMainAxisSizing":"INHERIT","layoutCrossAxisSizing":"INHERIT","name":"Rectangle 1","isVisible":true,"boundaryRectangle":{"constrainProportions":false,"constraints":null,"height":90.0,"width":375.0,"x":164.0,"y":-406.0,"z":0.0,"type":"boundaryBox"},"style":{"UUID":"","layoutMainAxisSizing":null,"layoutCrossAxisSizing":null,"name":"","isVisible":true,"boundaryRectangle":null,"style":null,"prototypeNodeUUID":"","constraints":null,"backgroundColor":null,"fills":[{"color":{"a":1.0,"r":0.5978125333786011,"g":0.433414101600647,"b":0.433414101600647},"isEnabled":true}],"borders":[{"isEnabled":false,"fillType":1.0,"color":null,"thickness":1.0}],"borderOptions":{"isEnabled":false,"dashPattern":[],"lineCapStyle":0,"lineJoinStyle":"Miter","cornerRadius":0},"textStyle":null,"hasShadow":false,"type":"style"},"prototypeNodeUUID":null,"constraints":{"pinLeft":true,"pinRight":false,"pinTop":true,"pinBottom":false,"fixedHeight":true,"fixedWidth":true},"fixedRadius":0,"type":"rectangle","child":null},{"UUID":"1:7","layoutMainAxisSizing":"INHERIT","layoutCrossAxisSizing":"INHERIT","name":"KHALEEL TECH","isVisible":true,"boundaryRectangle":{"constrainProportions":false,"constraints":null,"height":56.0,"width":336.0,"x":184.0,"y":-389.0,"z":1.0,"type":"boundaryBox"},"style":{"UUID":"","layoutMainAxisSizing":null,"layoutCrossAxisSizing":null,"name":"","isVisible":true,"boundaryRectangle":null,"style":null,"prototypeNodeUUID":"","constraints":null,"backgroundColor":null,"fills":[{"color":{"a":1.0,"r":1.0,"g":1.0,"b":1.0},"isEnabled":true}],"borders":[{"isEnabled":false,"fillType":1.0,"color":null,"thickness":1.0}],"borderOptions":{"isEnabled":false,"dashPattern":[],"lineCapStyle":0,"lineJoinStyle":"Miter","cornerRadius":0},"textStyle":{"UUID":"","layoutMainAxisSizing":null,"layoutCrossAxisSizing":null,"name":"","isVisible":false,"boundaryRectangle":null,"style":null,"prototypeNodeUUID":"","child":null,"constraints":null,"fontColor":{"a":1.0,"r":1.0,"g":1.0,"b":1.0},"weight":"600","fontDescriptor":{"fontName":"Roboto","fontSize":48.0,"fontWeight":"w600","fontStyle":"normal","letterSpacing":0.0},"paragraphStyle":{"alignment":0},"type":"text_style"},"hasShadow":false,"type":"style"},"prototypeNodeUUID":null,"child":null,"constraints":{"pinLeft":true,"pinRight":false,"pinTop":true,"pinBottom":false,"fixedHeight":true,"fixedWidth":true},"type":"text","content":"KHALEEL TECH "}]},"isVisible":true}],"type":"page"}],"miscPages":[],"sharedStyles":[],"type":"project","azure_container_uri":"https://pbnestcore.blob.core.windows.net/ythby8jf3y71tgcqf5pl9s"}